18:54, Sunday, February 15, 2026
Study name:Static 1
Units: N/m^2
Selected reference : N/A
Node  ,X (mm)  ,Y (mm)  ,Z (mm)  ,VON (N/m^2)
78354  ,-2.29929  ,40.2872  ,-60.1465  ,1.25946e+08
28313  ,-2.12498  ,40.2872  ,-58.1541  ,1.25925e+08
28311  ,-1.87005  ,40.2872  ,-58.4274  ,1.25539e+08
85772  ,-1.67389  ,39.9921  ,-58.1936  ,1.20762e+08
74325  ,-1.97568  ,40.013  ,-58.1672  ,1.19864e+08
